<?xml version="1.0" encoding="UTF-8"?>
<addon
  id="skin.jr.helix"
  version="1.0.1"
  name="JR Skin"
  provider-name="JR">
  <requires>
    <import addon="xbmc.gui" version="5.3.0"/>
	<import addon="script.favourites" version="6.0.1"/>
	<import addon="service.skin.widgets" version="0.0.29"/>
	<import addon="service.library.data.provider" version="0.0.4"/>
	<import addon="script.randomandlastitems" version="2.2.0"/>
  </requires>
  <extension
    point="xbmc.gui.skin"
    debugging="false"
    effectslowdown="0.75">
    <res width="1280" height="720" aspect="16:9" default="true" folder="720p" />
  </extension>
  <extension point="xbmc.addon.metadata">
    <summary lang="en">JR's skin</summary>
    <summary lang="en_US">JR's skin</summary>
    <description lang="en">JR's skin</description>
    <description lang="en_US">JR's skin</description>
    <disclaimer lang="en">You break it - You fix it</disclaimer>
    <disclaimer lang="en_US">You break it - You fix it</disclaimer>
    <platform>all</platform>
  </extension>
</addon>